Workbook

Sheet Legend
A1: AmFam Document AI -- Local vs. Frontier Model Cost Model
A3: How to use this workbook
A4: 1. Fill in blue cells on the 'Assumptions' tab with real pricing and measured throughput.
A5: 2. Fill in blue cells on the 'Eval Results' tab with accuracy/F1 numbers from metrics.py output.
A6: 3. All other sheets (Cost Per Doc, Scaling Projection, Dashboard) recalculate automatically.
A7: 4. Color key: blue text = input you edit. Black = formula, do not overwrite.
A8: Green = link to another sheet. Yellow fill = key assumption to confirm before presenting.
A9: 5. Open in Excel or LibreOffice after editing so cached formula values refresh.
A10: 6. Defaults seeded from evaluation/pricing.yaml — confirm yellow cells before presenting.
A11: 7. Paste scores from evaluation/metrics.py summary.csv into 'Eval Results'.

Sheet Assumptions
A1: Assumptions & Inputs
A3: Frontier Model Pricing (USD per 1M tokens)
A4: Backend | B4: Model | C4: Input $/1M tok | D4: Output $/1M tok | E4: Source / date checked
A5: Anthropic | B5: claude-sonnet-4.5 | C5: 3 | D5: 15 | E5: anthropic.com/pricing -- CHECK & date
A6: OpenAI | B6: gpt-4o | C6: 2.5 | D6: 10 | E6: openai.com/api/pricing -- CHECK & date
A8: Local Compute Assumptions
A9: GPU hourly rate (USD) | B9: 0.8 | C9: Source: seeded from evaluation/pricing.yaml (or CHTC / cloud on-demand) -- CONFIRM
A11: Per-Task Volume Estimates
A12: Task | B12: Avg input tok/doc (frontier) | C12: Avg output tok/doc (frontier) | D12: Local throughput (docs/hour)
A13: Classification | B13: 800 | C13: 20 | D13: 1200
A14: Extraction | B14: 1500 | C14: 400 | D14: 300
A15: Memo Generation | B15: 2000 | C15: 600 | D15: 150
A17: Monthly Volume Tiers (docs/month, for scaling projection)
A18: 1000 | B18: 10000 | C18: 50000 | D18: 100000 | E18: 500000

Sheet Eval Results
A1: Eval Results (fill in from metrics.py summary.csv output)
A3: Task | B3: Backend | C3: Accuracy / Macro-F1 | D3: N examples | E3: Notes
A4: Classification | B4: Anthropic | C4: 0.94 | D4: 200 | E4: example row -- replace with real run
A5: Classification | B5: OpenAI | C5: 0.93 | D5: 200
A6: Classification | B6: Local (DeBERTa-v3) | C6: 0.91 | D6: 200
A7: Extraction | B7: Anthropic | C7: 0.88 | D7: 200
A8: Extraction | B8: OpenAI | C8: 0.86 | D8: 200
A9: Extraction | B9: Local (LayoutLMv3) | C9: 0.83 | D9: 200
A10: Memo Generation | B10: Anthropic | C10: 0.9 | D10: 100 | E10: rubric coverage, not accuracy
A11: Memo Generation | B11: OpenAI | C11: 0.88 | D11: 100
A12: Memo Generation | B12: Local (LoRA) | C12: 0.81 | D12: 100

Sheet Cost Per Doc
A1: Cost Per Document by Task & Backend
A3: Task | B3: Backend | C3: Input tok/doc | D3: Output tok/doc | E3: Input $/1M | F3: Output $/1M | G3: GPU $/hr | H3: Docs/hr (local) | I3: Cost / Doc ($)
A4: Classification | B4: Anthropic | C4: =Assumptions!B13 | D4: =Assumptions!C13 | E4: =Assumptions!C5 | F4: =Assumptions!D5 | G4: - | H4: - | I4: =(C4/1000000)*E4+(D4/1000000)*F4
A5: Classification | B5: OpenAI | C5: =Assumptions!B13 | D5: =Assumptions!C13 | E5: =Assumptions!C6 | F5: =Assumptions!D6 | G5: - | H5: - | I5: =(C5/1000000)*E5+(D5/1000000)*F5
A6: Classification | B6: Local | C6: =Assumptions!B13 | D6: =Assumptions!C13 | E6: - | F6: - | G6: =Assumptions!B9 | H6: =Assumptions!D13 | I6: =IFERROR(G6/H6,0)
A7: Extraction | B7: Anthropic | C7: =Assumptions!B14 | D7: =Assumptions!C14 | E7: =Assumptions!C5 | F7: =Assumptions!D5 | G7: - | H7: - | I7: =(C7/1000000)*E7+(D7/1000000)*F7
A8: Extraction | B8: OpenAI | C8: =Assumptions!B14 | D8: =Assumptions!C14 | E8: =Assumptions!C6 | F8: =Assumptions!D6 | G8: - | H8: - | I8: =(C8/1000000)*E8+(D8/1000000)*F8
A9: Extraction | B9: Local | C9: =Assumptions!B14 | D9: =Assumptions!C14 | E9: - | F9: - | G9: =Assumptions!B9 | H9: =Assumptions!D14 | I9: =IFERROR(G9/H9,0)
A10: Memo Generation | B10: Anthropic | C10: =Assumptions!B15 | D10: =Assumptions!C15 | E10: =Assumptions!C5 | F10: =Assumptions!D5 | G10: - | H10: - | I10: =(C10/1000000)*E10+(D10/1000000)*F10
A11: Memo Generation | B11: OpenAI | C11: =Assumptions!B15 | D11: =Assumptions!C15 | E11: =Assumptions!C6 | F11: =Assumptions!D6 | G11: - | H11: - | I11: =(C11/1000000)*E11+(D11/1000000)*F11
A12: Memo Generation | B12: Local | C12: =Assumptions!B15 | D12: =Assumptions!C15 | E12: - | F12: - | G12: =Assumptions!B9 | H12: =Assumptions!D15 | I12: =IFERROR(G12/H12,0)

Sheet Scaling Projection
A1: Monthly Cost at Volume (USD)
A2: Uses average cost/doc across all three tasks per backend, x monthly volume tier.
A4: Volume tier (docs/month) | B4: Anthropic avg $/doc | C4: OpenAI avg $/doc | D4: Local avg $/doc | E4: Anthropic $/mo | F4: OpenAI $/mo | G4: Local $/mo | H4: Savings: Local vs Anthropic | I4: Savings: Local vs OpenAI
A5: =Assumptions!A18 | B5: =AVERAGE('Cost Per Doc'!I4,'Cost Per Doc'!I7,'Cost Per Doc'!I10) | C5: =AVERAGE('Cost Per Doc'!I5,'Cost Per Doc'!I8,'Cost Per Doc'!I11) | D5: =AVERAGE('Cost Per Doc'!I6,'Cost Per Doc'!I9,'Cost Per Doc'!I12) | E5: =A5*B5 | F5: =A5*C5 | G5: =A5*D5 | H5: =IFERROR((E5-G5)/E5,0) | I5: =IFERROR((F5-G5)/F5,0)
A6: =Assumptions!B18 | B6: =AVERAGE('Cost Per Doc'!I4,'Cost Per Doc'!I7,'Cost Per Doc'!I10) | C6: =AVERAGE('Cost Per Doc'!I5,'Cost Per Doc'!I8,'Cost Per Doc'!I11) | D6: =AVERAGE('Cost Per Doc'!I6,'Cost Per Doc'!I9,'Cost Per Doc'!I12) | E6: =A6*B6 | F6: =A6*C6 | G6: =A6*D6 | H6: =IFERROR((E6-G6)/E6,0) | I6: =IFERROR((F6-G6)/F6,0)
A7: =Assumptions!C18 | B7: =AVERAGE('Cost Per Doc'!I4,'Cost Per Doc'!I7,'Cost Per Doc'!I10) | C7: =AVERAGE('Cost Per Doc'!I5,'Cost Per Doc'!I8,'Cost Per Doc'!I11) | D7: =AVERAGE('Cost Per Doc'!I6,'Cost Per Doc'!I9,'Cost Per Doc'!I12) | E7: =A7*B7 | F7: =A7*C7 | G7: =A7*D7 | H7: =IFERROR((E7-G7)/E7,0) | I7: =IFERROR((F7-G7)/F7,0)
A8: =Assumptions!D18 | B8: =AVERAGE('Cost Per Doc'!I4,'Cost Per Doc'!I7,'Cost Per Doc'!I10) | C8: =AVERAGE('Cost Per Doc'!I5,'Cost Per Doc'!I8,'Cost Per Doc'!I11) | D8: =AVERAGE('Cost Per Doc'!I6,'Cost Per Doc'!I9,'Cost Per Doc'!I12) | E8: =A8*B8 | F8: =A8*C8 | G8: =A8*D8 | H8: =IFERROR((E8-G8)/E8,0) | I8: =IFERROR((F8-G8)/F8,0)
A9: =Assumptions!E18 | B9: =AVERAGE('Cost Per Doc'!I4,'Cost Per Doc'!I7,'Cost Per Doc'!I10) | C9: =AVERAGE('Cost Per Doc'!I5,'Cost Per Doc'!I8,'Cost Per Doc'!I11) | D9: =AVERAGE('Cost Per Doc'!I6,'Cost Per Doc'!I9,'Cost Per Doc'!I12) | E9: =A9*B9 | F9: =A9*C9 | G9: =A9*D9 | H9: =IFERROR((E9-G9)/E9,0) | I9: =IFERROR((F9-G9)/F9,0)

Sheet Dashboard
A1: Summary Dashboard
A3: Headline: cost savings running local models at 50,000 docs/month
A5: Anthropic monthly cost | B5: ='Scaling Projection'!E7
A6: OpenAI monthly cost | B6: ='Scaling Projection'!F7
A7: Local monthly cost | B7: ='Scaling Projection'!G7
A8: Savings vs. Anthropic | B8: ='Scaling Projection'!H7
A9: Savings vs. OpenAI | B9: ='Scaling Projection'!I7
